item_code,item_name,unit,stats_data_id,field,kind,role,tier,group,col_name,notes,in_latest
C210719,C210719_事業所数（宿泊業、飲食サービス業）,所,0000020203,C,basic,x,A1,accommodation_food,estab_accommodation_food,宿泊・飲食サービス,yes
C220719,C220719_従業者数（宿泊業、飲食サービス業）,人,0000020203,C,basic,x,A1,accommodation_food,emp_accommodation_food,宿泊・飲食従業者,yes
C210708,C210708_事業所数（建設業）,所,0000020203,C,basic,x,A1,construction,estab_construction,建設業,yes
#H06132,#H06132_百貨店、総合スーパー数（人口10万人当たり）,店,0000020308,H,indicator,x,A1,department,shops_dept_per_100k,百貨・総合スーパー／10万人,yes
H6133,H6133_百貨店、総合スーパー数,事業所,0000020208,H,basic,x,A1,department,shops_dept,百貨・総合スーパー,yes
C2107,C2107_事業所数（経済センサス‐基礎調査結果）,事業所,0000020203,C,basic,x,A1,estab_all,estab_all,事業所数総数,yes
C210701,C210701_事業所数（公務を除く）,所,0000020203,C,basic,x,A1,estab_all,estab_ex_gov,事業所数（公務を除く）,yes
C2207,C2207_従業者数（経済センサス‐基礎調査結果）,人,0000020203,C,basic,x,A1,estab_all,emp_all,従業者総数,yes
C2111,C2111_第2次産業事業所数（経済センサス‐基礎調査結果）,所,0000020203,C,basic,x,A1,estab_secondary,estab_secondary,第2次産業事業所,yes
C2112,C2112_第3次産業事業所数（経済センサス‐基礎調査結果）,所,0000020203,C,basic,x,A1,estab_tertiary,estab_tertiary,第3次産業事業所,yes
#H06130,#H06130_飲食店数（人口千人当たり）,店,0000020308,H,indicator,x,A1,food,shops_restaurant_per_1000,飲食／千人（回帰優先）,yes
H6131,H6131_飲食店数（経済センサス-基礎調査結果）,事業所,0000020208,H,basic,x,A1,food,shops_restaurant,飲食店数,yes
C210720,C210720_事業所数（生活関連サービス業、娯楽業）,所,0000020203,C,basic,x,A1,lifestyle_entertainment,estab_lifestyle_entertainment,生活関連・娯楽,yes
C220720,C220720_従業者数（生活関連サービス業、娯楽業）,人,0000020203,C,basic,x,A1,lifestyle_entertainment,emp_lifestyle_entertainment,生活関連・娯楽従業者,yes
C210709,C210709_事業所数（製造業）,所,0000020203,C,basic,x,A1,manufacturing,estab_manufacturing,製造業＝工場代理,yes
C220709,C220709_従業者数（製造業）,人,0000020203,C,basic,x,A1,manufacturing,emp_manufacturing,製造業従業者,yes
C210722,C210722_事業所数（医療、福祉）,所,0000020203,C,basic,x,A1,medical_welfare,estab_medical_welfare,医療・福祉,yes
#H06127,#H06127_小売店数（人口千人当たり）,店,0000020308,H,indicator,x,A1,retail,shops_retail_per_1000,小売／千人（回帰優先）,yes
C210715,C210715_事業所数（小売業）,所,0000020203,C,basic,x,A1,retail,estab_retail_census,小売（センサス産業）,yes
C220715,C220715_従業者数（小売業）,人,0000020203,C,basic,x,A1,retail,emp_retail,小売従業者,yes
H6130,H6130_小売店数,事業所,0000020208,H,basic,x,A1,retail,shops_retail,小売店数,yes
#H06131,#H06131_大型小売店数（人口10万人当たり）,店,0000020308,H,indicator,x,A1,retail_large,shops_large_per_100k,大型／10万人,yes
H6132,H6132_大型小売店数（経済センサス‐基礎調査及び活動調査結果）,事業所,0000020208,H,basic,x,A1,retail_large,shops_large,大型小売,yes
C210713,C210713_事業所数（卸売業、小売業）,所,0000020203,C,basic,x,A1,wholesale_retail,estab_wholesale_retail,卸売・小売,yes
#A03504,#A03504_15歳未満人口割合,％,0000020301,A,indicator,x,A2,demography,share_under15,15歳未満割合,yes
#A03505,#A03505_15～64歳人口割合,％,0000020301,A,indicator,x,A2,demography,share_15_64,生産年齢割合,yes
#A03506,#A03506_65歳以上人口割合,％,0000020301,A,indicator,x,A2,demography,aging_rate,高齢化率（あれば）,yes
A1101,A1101_総人口,人,0000020201,A,basic,denominator,A2,population,pop_total,総人口。率の分母,yes
#A01202,#A01202_可住地面積１km2当たり人口密度,人,0000020301,A,indicator,x,A2,urbanization,density_habitable,可住地人口密度,yes
#A01302,#A01302_昼夜間人口比率,％,0000020301,A,indicator,x,A2,urbanization,day_night_ratio,昼夜間人口比,yes
#A01403,#A01403_人口集中地区人口密度（人口集中地区面積１km2当たり）,人,0000020301,A,indicator,x,A2,urbanization,did_density,DID人口密度,yes
E9101,E9101_最終学歴人口（卒業者総数）,人,0000020205,E,basic,x,A3,education,edu_grad_total,最終学歴人口総数,yes
E9102,E9102_最終学歴人口（小学校・中学校）,人,0000020205,E,basic,x,A3,education,edu_junior_high,小中卒,yes
E9103,E9103_最終学歴人口（高校・旧中）,人,0000020205,E,basic,x,A3,education,edu_high_school,高卒,yes
E9105,E9105_最終学歴人口（短大・高専）,人,0000020205,E,basic,x,A3,education,edu_college,短大高専,yes
E9106,E9106_最終学歴人口（大学・大学院）,人,0000020205,E,basic,x,A3,education,edu_university,大学・大学院卒,yes
#D02206,#D02206_課税対象所得（納税義務者1人当たり）,千円,0000020304,D,indicator,x,A3,income,taxable_income_per_taxpayer,課税対象所得／納税者,yes
#F01201,#F01201_第1次産業就業者比率,％,0000020306,F,indicator,x,A3,labor,share_primary_emp,1次就業者比,yes
#F01202,#F01202_第2次産業就業者比率,％,0000020306,F,indicator,x,A3,labor,share_secondary_emp,2次就業者比,yes
#F01203,#F01203_第3次産業就業者比率,％,0000020306,F,indicator,x,A3,labor,share_tertiary_emp,3次就業者比,yes
#F01301,#F01301_完全失業率,％,0000020306,F,indicator,x,A3,labor,unemployment_rate,完全失業率,yes
#F02701,#F02701_他市区町村への通勤者比率,％,0000020306,F,indicator,x,A3,labor,commute_out_ratio,他市区町村への通勤比,yes
#F02702,#F02702_他市区町村からの通勤者比率,％,0000020306,F,indicator,x,A3,labor,commute_in_ratio,他市区町村からの通勤比,yes
C210702,C210702_事業所数（農林漁業）,所,0000020203,C,basic,x,B,agri,estab_agri_forestry_fishery,農林漁業,yes
C3501,C3501_商業年間商品販売額（卸売業＋小売業）,百万円,0000020203,C,basic,x,B,commerce,commerce_sales,商業販売額,yes
C3502,C3502_商業事業所数（卸売業＋小売業）,事業所,0000020203,C,basic,x,B,commerce,commerce_establishments,商業事業所,yes
#H06111,#H06111_百貨店数（事業所・企業統計調査結果）（人口10万人当たり）,店,0000020308,H,indicator,x,B,department,shops_dept_legacy_per_100k,百貨／10万人（旧）,yes
H6104,H6104_百貨店、総合スーパー数（事業所・企業統計調査結果）,事業所,0000020208,H,basic,x,B,department,shops_dept_legacy,百貨・総合スーパー（旧）,yes
C210721,C210721_事業所数（教育、学習支援業）,所,0000020203,C,basic,x,B,education_biz,estab_education,教育・学習支援,yes
C210703,C210703_事業所数（農業、林業）,所,0000020203,C,basic,x,B,estab_industry_extra,x_C210703,業種・規模の探索用（自動追加）,yes
C210704,C210704_事業所数（漁業）,所,0000020203,C,basic,x,B,estab_industry_extra,x_C210704,業種・規模の探索用（自動追加）,yes
C210705,C210705_事業所数（非農林漁業）,所,0000020203,C,basic,x,B,estab_industry_extra,x_C210705,業種・規模の探索用（自動追加）,yes
C210706,C210706_事業所数（非農林漁業（公務を除く））,所,0000020203,C,basic,x,B,estab_industry_extra,x_C210706,業種・規模の探索用（自動追加）,yes
C210710,C210710_事業所数（電気・ガス・熱供給・水道業）,所,0000020203,C,basic,x,B,estab_industry_extra,x_C210710,業種・規模の探索用（自動追加）,yes
C210723,C210723_事業所数（複合サービス事業）,所,0000020203,C,basic,x,B,estab_industry_extra,x_C210723,業種・規模の探索用（自動追加）,yes
C210724,C210724_事業所数（サービス業（他に分類されないもの））,所,0000020203,C,basic,x,B,estab_industry_extra,x_C210724,業種・規模の探索用（自動追加）,yes
C210725,C210725_事業所数（公務（他に分類されるものを除く））,所,0000020203,C,basic,x,B,estab_industry_extra,x_C210725,業種・規模の探索用（自動追加）,yes
C2108,C2108_事業所数（民営）,事業所,0000020203,C,basic,x,B,estab_industry_extra,x_C2108,業種・規模の探索用（自動追加）,yes
C210801,C210801_事業所数（民営）従業者1～4人,事業所,0000020203,C,basic,x,B,estab_industry_extra,x_C210801,業種・規模の探索用（自動追加）,yes
C210802,C210802_事業所数（民営）従業者5～9人,事業所,0000020203,C,basic,x,B,estab_industry_extra,x_C210802,業種・規模の探索用（自動追加）,yes
C210803,C210803_事業所数（民営）従業者10～29人,事業所,0000020203,C,basic,x,B,estab_industry_extra,x_C210803,業種・規模の探索用（自動追加）,yes
C210804,C210804_事業所数（民営）従業者30～49人,事業所,0000020203,C,basic,x,B,estab_industry_extra,x_C210804,業種・規模の探索用（自動追加）,yes
C210805,C210805_事業所数（民営）従業者50～99人,事業所,0000020203,C,basic,x,B,estab_industry_extra,x_C210805,業種・規模の探索用（自動追加）,yes
C210820,C210820_事業所数（民営）（個人事業所）（経済センサス‐基礎調査及び活動調査結果）,事業所,0000020203,C,basic,x,B,estab_industry_extra,x_C210820,業種・規模の探索用（自動追加）,yes
C210821,C210821_事業所数（民営）（法人事業所）（経済センサス‐基礎調査及び活動調査結果）,事業所,0000020203,C,basic,x,B,estab_industry_extra,x_C210821,業種・規模の探索用（自動追加）,yes
C210822,C210822_事業所数（民営）（会社事業所）（経済センサス‐基礎調査及び活動調査結果）,事業所,0000020203,C,basic,x,B,estab_industry_extra,x_C210822,業種・規模の探索用（自動追加）,yes
C210823,C210823_事業所数（民営）（会社以外の法人）,事業所,0000020203,C,basic,x,B,estab_industry_extra,x_C210823,業種・規模の探索用（自動追加）,yes
C210831,C210831_事業所数（民営）（農林漁業）,事業所,0000020203,C,basic,x,B,estab_industry_extra,x_C210831,業種・規模の探索用（自動追加）,yes
C210832,C210832_事業所数（民営）（農業、林業）,事業所,0000020203,C,basic,x,B,estab_industry_extra,x_C210832,業種・規模の探索用（自動追加）,yes
C210833,C210833_事業所数（民営）（漁業）,事業所,0000020203,C,basic,x,B,estab_industry_extra,x_C210833,業種・規模の探索用（自動追加）,yes
C210834,C210834_事業所数（民営）（非農林漁業（公務を除く））,事業所,0000020203,C,basic,x,B,estab_industry_extra,x_C210834,業種・規模の探索用（自動追加）,yes
C210835,C210835_事業所数（民営）（鉱業、採石業、砂利採取業）,事業所,0000020203,C,basic,x,B,estab_industry_extra,x_C210835,業種・規模の探索用（自動追加）,yes
C210836,C210836_事業所数（民営）（建設業）,事業所,0000020203,C,basic,x,B,estab_industry_extra,x_C210836,業種・規模の探索用（自動追加）,yes
C210837,C210837_事業所数（民営）（製造業）,事業所,0000020203,C,basic,x,B,estab_industry_extra,x_C210837,業種・規模の探索用（自動追加）,yes
C210838,C210838_事業所数（民営）（電気・ガス・熱供給・水道業）,事業所,0000020203,C,basic,x,B,estab_industry_extra,x_C210838,業種・規模の探索用（自動追加）,yes
C210839,C210839_事業所数（民営）（情報通信業）,事業所,0000020203,C,basic,x,B,estab_industry_extra,x_C210839,業種・規模の探索用（自動追加）,yes
C210840,C210840_事業所数（民営）（運輸業、郵便業）,事業所,0000020203,C,basic,x,B,estab_industry_extra,x_C210840,業種・規模の探索用（自動追加）,yes
C210841,C210841_事業所数（民営）（卸売業、小売業）,事業所,0000020203,C,basic,x,B,estab_industry_extra,x_C210841,業種・規模の探索用（自動追加）,yes
C210842,C210842_事業所数（民営）（卸売業）,事業所,0000020203,C,basic,x,B,estab_industry_extra,x_C210842,業種・規模の探索用（自動追加）,yes
C210843,C210843_事業所数（民営）（小売業）,事業所,0000020203,C,basic,x,B,estab_industry_extra,x_C210843,業種・規模の探索用（自動追加）,yes
C210844,C210844_事業所数（民営）（金融業、保険業）,事業所,0000020203,C,basic,x,B,estab_industry_extra,x_C210844,業種・規模の探索用（自動追加）,yes
C210845,C210845_事業所数（民営）（不動産業、物品賃貸業）,事業所,0000020203,C,basic,x,B,estab_industry_extra,x_C210845,業種・規模の探索用（自動追加）,yes
C210846,C210846_事業所数（民営）（学術研究、専門・技術サービス業）,事業所,0000020203,C,basic,x,B,estab_industry_extra,x_C210846,業種・規模の探索用（自動追加）,yes
C210847,C210847_事業所数（民営）（宿泊業、飲食サービス業）,事業所,0000020203,C,basic,x,B,estab_industry_extra,x_C210847,業種・規模の探索用（自動追加）,yes
C210848,C210848_事業所数（民営）（生活関連サービス業、娯楽業）,事業所,0000020203,C,basic,x,B,estab_industry_extra,x_C210848,業種・規模の探索用（自動追加）,yes
C210849,C210849_事業所数（民営）（教育、学習支援業）,事業所,0000020203,C,basic,x,B,estab_industry_extra,x_C210849,業種・規模の探索用（自動追加）,yes
C210850,C210850_事業所数（民営）（医療、福祉）,事業所,0000020203,C,basic,x,B,estab_industry_extra,x_C210850,業種・規模の探索用（自動追加）,yes
C210851,C210851_事業所数（民営）（複合サービス事業）,事業所,0000020203,C,basic,x,B,estab_industry_extra,x_C210851,業種・規模の探索用（自動追加）,yes
C210852,C210852_事業所数（民営）（サービス業（他に分類されないもの））,事業所,0000020203,C,basic,x,B,estab_industry_extra,x_C210852,業種・規模の探索用（自動追加）,yes
C2110,C2110_第1次産業事業所数（経済センサス‐基礎調査結果）,所,0000020203,C,basic,x,B,estab_industry_extra,x_C2110,業種・規模の探索用（自動追加）,yes
C220701,C220701_従業者数（公務を除く）,人,0000020203,C,basic,x,B,estab_industry_extra,x_C220701,業種・規模の探索用（自動追加）,yes
C220702,C220702_従業者数（農林漁業）,人,0000020203,C,basic,x,B,estab_industry_extra,x_C220702,業種・規模の探索用（自動追加）,yes
C220703,C220703_従業者数（農業、林業）,人,0000020203,C,basic,x,B,estab_industry_extra,x_C220703,業種・規模の探索用（自動追加）,yes
C220704,C220704_従業者数（漁業）,人,0000020203,C,basic,x,B,estab_industry_extra,x_C220704,業種・規模の探索用（自動追加）,yes
C220705,C220705_従業者数（非農林漁業）,人,0000020203,C,basic,x,B,estab_industry_extra,x_C220705,業種・規模の探索用（自動追加）,yes
C220706,C220706_従業者数（非農林漁業（公務を除く））,人,0000020203,C,basic,x,B,estab_industry_extra,x_C220706,業種・規模の探索用（自動追加）,yes
C220707,C220707_従業者数（鉱業、採石業、砂利採取業）,人,0000020203,C,basic,x,B,estab_industry_extra,x_C220707,業種・規模の探索用（自動追加）,yes
C220708,C220708_従業者数（建設業）,人,0000020203,C,basic,x,B,estab_industry_extra,x_C220708,業種・規模の探索用（自動追加）,yes
C220710,C220710_従業者数（電気・ガス・熱供給・水道業）,人,0000020203,C,basic,x,B,estab_industry_extra,x_C220710,業種・規模の探索用（自動追加）,yes
C220711,C220711_従業者数（情報通信業）,人,0000020203,C,basic,x,B,estab_industry_extra,x_C220711,業種・規模の探索用（自動追加）,yes
C220712,C220712_従業者数（運輸業、郵便業）,人,0000020203,C,basic,x,B,estab_industry_extra,x_C220712,業種・規模の探索用（自動追加）,yes
C220713,C220713_従業者数（卸売業、小売業）,人,0000020203,C,basic,x,B,estab_industry_extra,x_C220713,業種・規模の探索用（自動追加）,yes
C220714,C220714_従業者数（卸売業）,人,0000020203,C,basic,x,B,estab_industry_extra,x_C220714,業種・規模の探索用（自動追加）,yes
C220716,C220716_従業者数（金融業、保険業）,人,0000020203,C,basic,x,B,estab_industry_extra,x_C220716,業種・規模の探索用（自動追加）,yes
C220717,C220717_従業者数（不動産業、物品賃貸業）,人,0000020203,C,basic,x,B,estab_industry_extra,x_C220717,業種・規模の探索用（自動追加）,yes
C220718,C220718_従業者数（学術研究、専門・技術サービス業）,人,0000020203,C,basic,x,B,estab_industry_extra,x_C220718,業種・規模の探索用（自動追加）,yes
C220721,C220721_従業者数（教育、学習支援業）,人,0000020203,C,basic,x,B,estab_industry_extra,x_C220721,業種・規模の探索用（自動追加）,yes
C220722,C220722_従業者数（医療、福祉）,人,0000020203,C,basic,x,B,estab_industry_extra,x_C220722,業種・規模の探索用（自動追加）,yes
C220723,C220723_従業者数（複合サービス事業）,人,0000020203,C,basic,x,B,estab_industry_extra,x_C220723,業種・規模の探索用（自動追加）,yes
C220724,C220724_従業者数（サービス業（他に分類されないもの））,人,0000020203,C,basic,x,B,estab_industry_extra,x_C220724,業種・規模の探索用（自動追加）,yes
C220725,C220725_従業者数（公務（他に分類されるものを除く））,人,0000020203,C,basic,x,B,estab_industry_extra,x_C220725,業種・規模の探索用（自動追加）,yes
C2208,C2208_従業者数（民営）,人,0000020203,C,basic,x,B,estab_industry_extra,x_C2208,業種・規模の探索用（自動追加）,yes
C220801,C220801_従業者数（民営）従業者1～4人,人,0000020203,C,basic,x,B,estab_industry_extra,x_C220801,業種・規模の探索用（自動追加）,yes
C220802,C220802_従業者数（民営）従業者5～9人,人,0000020203,C,basic,x,B,estab_industry_extra,x_C220802,業種・規模の探索用（自動追加）,yes
C220803,C220803_従業者数（民営）従業者10～29人,人,0000020203,C,basic,x,B,estab_industry_extra,x_C220803,業種・規模の探索用（自動追加）,yes
C220804,C220804_従業者数（民営）従業者30～49人,人,0000020203,C,basic,x,B,estab_industry_extra,x_C220804,業種・規模の探索用（自動追加）,yes
C220805,C220805_従業者数（民営）従業者50～99人,人,0000020203,C,basic,x,B,estab_industry_extra,x_C220805,業種・規模の探索用（自動追加）,yes
C220820,C220820_従業者数（民営）（個人事業所）（経済センサス‐活動調査結果）,人,0000020203,C,basic,x,B,estab_industry_extra,x_C220820,業種・規模の探索用（自動追加）,yes
C220821,C220821_従業者数（民営）（法人事業所）（経済センサス‐活動調査結果）,人,0000020203,C,basic,x,B,estab_industry_extra,x_C220821,業種・規模の探索用（自動追加）,yes
C220822,C220822_従業者数（民営）（会社事業所）（経済センサス‐活動調査結果）,人,0000020203,C,basic,x,B,estab_industry_extra,x_C220822,業種・規模の探索用（自動追加）,yes
C220823,C220823_従業者数（民営）（会社以外の法人）,人,0000020203,C,basic,x,B,estab_industry_extra,x_C220823,業種・規模の探索用（自動追加）,yes
C220831,C220831_従業者数（民営）（農林漁業）,人,0000020203,C,basic,x,B,estab_industry_extra,x_C220831,業種・規模の探索用（自動追加）,yes
C220832,C220832_従業者数（民営）（農業、林業）,人,0000020203,C,basic,x,B,estab_industry_extra,x_C220832,業種・規模の探索用（自動追加）,yes
C220833,C220833_従業者数（民営）（漁業）,人,0000020203,C,basic,x,B,estab_industry_extra,x_C220833,業種・規模の探索用（自動追加）,yes
C220834,C220834_従業者数（民営）（非農林漁業（公務を除く））,人,0000020203,C,basic,x,B,estab_industry_extra,x_C220834,業種・規模の探索用（自動追加）,yes
C220835,C220835_従業者数（民営）（鉱業、採石業、砂利採取業）,人,0000020203,C,basic,x,B,estab_industry_extra,x_C220835,業種・規模の探索用（自動追加）,yes
C220836,C220836_従業者数（民営）（建設業）,人,0000020203,C,basic,x,B,estab_industry_extra,x_C220836,業種・規模の探索用（自動追加）,yes
C220837,C220837_従業者数（民営）（製造業）,人,0000020203,C,basic,x,B,estab_industry_extra,x_C220837,業種・規模の探索用（自動追加）,yes
C220838,C220838_従業者数（民営）（電気・ガス・熱供給・水道業）,人,0000020203,C,basic,x,B,estab_industry_extra,x_C220838,業種・規模の探索用（自動追加）,yes
C220839,C220839_従業者数（民営）（情報通信業）,人,0000020203,C,basic,x,B,estab_industry_extra,x_C220839,業種・規模の探索用（自動追加）,yes
C220840,C220840_従業者数（民営）（運輸業、郵便業）,人,0000020203,C,basic,x,B,estab_industry_extra,x_C220840,業種・規模の探索用（自動追加）,yes
C220841,C220841_従業者数（民営）（卸売業、小売業）,人,0000020203,C,basic,x,B,estab_industry_extra,x_C220841,業種・規模の探索用（自動追加）,yes
C220842,C220842_従業者数（民営）（卸売業）,人,0000020203,C,basic,x,B,estab_industry_extra,x_C220842,業種・規模の探索用（自動追加）,yes
C220843,C220843_従業者数（民営）（小売業）,人,0000020203,C,basic,x,B,estab_industry_extra,x_C220843,業種・規模の探索用（自動追加）,yes
C220844,C220844_従業者数（民営）（金融業、保険業）,人,0000020203,C,basic,x,B,estab_industry_extra,x_C220844,業種・規模の探索用（自動追加）,yes
C220845,C220845_従業者数（民営）（不動産業、物品賃貸業）,人,0000020203,C,basic,x,B,estab_industry_extra,x_C220845,業種・規模の探索用（自動追加）,yes
C220846,C220846_従業者数（民営）（学術研究、専門・技術サービス業）,人,0000020203,C,basic,x,B,estab_industry_extra,x_C220846,業種・規模の探索用（自動追加）,yes
C220847,C220847_従業者数（民営）（宿泊業、飲食サービス業）,人,0000020203,C,basic,x,B,estab_industry_extra,x_C220847,業種・規模の探索用（自動追加）,yes
C220848,C220848_従業者数（民営）（生活関連サービス業、娯楽業）,人,0000020203,C,basic,x,B,estab_industry_extra,x_C220848,業種・規模の探索用（自動追加）,yes
C220849,C220849_従業者数（民営）（教育、学習支援業）,人,0000020203,C,basic,x,B,estab_industry_extra,x_C220849,業種・規模の探索用（自動追加）,yes
C220850,C220850_従業者数（民営）（医療、福祉）,人,0000020203,C,basic,x,B,estab_industry_extra,x_C220850,業種・規模の探索用（自動追加）,yes
C220851,C220851_従業者数（民営）（複合サービス事業）,人,0000020203,C,basic,x,B,estab_industry_extra,x_C220851,業種・規模の探索用（自動追加）,yes
C220852,C220852_従業者数（民営）（サービス業（他に分類されないもの））,人,0000020203,C,basic,x,B,estab_industry_extra,x_C220852,業種・規模の探索用（自動追加）,yes
C2210,C2210_第1次産業従業者数（経済センサス‐基礎調査結果）,人,0000020203,C,basic,x,B,estab_industry_extra,x_C2210,業種・規模の探索用（自動追加）,yes
C2211,C2211_第2次産業従業者数（経済センサス‐基礎調査結果）,人,0000020203,C,basic,x,B,estab_industry_extra,x_C2211,業種・規模の探索用（自動追加）,yes
C2212,C2212_第3次産業従業者数（経済センサス‐基礎調査結果）,人,0000020203,C,basic,x,B,estab_industry_extra,x_C2212,業種・規模の探索用（自動追加）,yes
C210716,C210716_事業所数（金融業、保険業）,所,0000020203,C,basic,x,B,finance,estab_finance,金融・保険,yes
#H06107,#H06107_飲食店数（事業所・企業統計調査結果）（人口千人当たり）,店,0000020308,H,indicator,x,B,food,shops_restaurant_legacy_per_1000,飲食／千人（旧）,yes
H6102,H6102_飲食店数（事業所・企業統計調査結果）,事業所,0000020208,H,basic,x,B,food,shops_restaurant_legacy,飲食（旧調査）,yes
C210711,C210711_事業所数（情報通信業）,所,0000020203,C,basic,x,B,ict,estab_ict,情報通信,yes
C5403,C5403_標準価格（平均価格）（商業地）,円／ｍ2,0000020203,C,basic,x,B,land_price,price_commercial,商業地標準価格,yes
C5405,C5405_標準価格（平均価格）（工業地）,円／ｍ2,0000020203,C,basic,x,B,land_price,price_industrial,工業地標準価格,yes
C3401,C3401_製造品出荷額等,百万円,0000020203,C,basic,x,B,manufacturing,mfg_shipment,製造品出荷額,yes
C3403,C3403_製造業事業所数,事業所,0000020203,C,basic,x,B,manufacturing,mfg_establishments,製造業事業所数（工業統計系）,yes
C3404,C3404_製造業従業者数,人,0000020203,C,basic,x,B,manufacturing,mfg_employees,製造業従業者,yes
C210707,C210707_事業所数（鉱業、採石業、砂利採取業）,所,0000020203,C,basic,x,B,mining,estab_mining,鉱業,yes
C210718,C210718_事業所数（学術研究、専門・技術サービス業）,所,0000020203,C,basic,x,B,professional,estab_professional,学術・専門・技術,yes
C210717,C210717_事業所数（不動産業、物品賃貸業）,所,0000020203,C,basic,x,B,real_estate,estab_real_estate,不動産・物品賃貸,yes
#H06101,#H06101_小売店数（事業所・企業統計調査結果）（人口千人当たり）,店,0000020308,H,indicator,x,B,retail,shops_retail_legacy_per_1000,小売／千人（旧）,yes
H6101,H6101_小売店数（事業所・企業統計調査結果）,事業所,0000020208,H,basic,x,B,retail,shops_retail_legacy,小売（旧調査）,yes
H613001,H613001_各種商品小売店数,事業所,0000020208,H,basic,x,B,retail_detail,shops_general_merchandise,各種商品小売,yes
H613002,H613002_織物・衣服・身の回り品小売店数（経済センサス‐基礎調査及び活動調査結果）,事業所,0000020208,H,basic,x,B,retail_detail,shops_apparel,衣料・身の回り品,yes
H613003,H613003_飲食料品小売店数（経済センサス-基礎調査結果）,事業所,0000020208,H,basic,x,B,retail_detail,shops_food_retail,飲食料品小売,yes
H613004,H613004_機械器具小売店数,事業所,0000020208,H,basic,x,B,retail_detail,shops_machinery,機械器具小売,yes
H613005,H613005_その他の小売店数,事業所,0000020208,H,basic,x,B,retail_detail,shops_other_retail,その他小売,yes
H613006,H613006_無店舗小売店数,事業所,0000020208,H,basic,x,B,retail_detail,shops_nonstore,無店舗小売,yes
#H06109,#H06109_大型小売店数（事業所・企業統計調査結果）（人口10万人当たり）,店,0000020308,H,indicator,x,B,retail_large,shops_large_legacy_per_100k,大型／10万人（旧）,yes
H6103,H6103_大型小売店数（事業所・企業統計調査結果）,事業所,0000020208,H,basic,x,B,retail_large,shops_large_legacy,大型小売（旧）,yes
C210712,C210712_事業所数（運輸業、郵便業）,所,0000020203,C,basic,x,B,transport,estab_transport,運輸・郵便,yes
C210714,C210714_事業所数（卸売業）,所,0000020203,C,basic,x,B,wholesale,estab_wholesale,卸売,yes
H810403,H810403_近隣商業地域面積,ｈａ,0000020208,H,basic,x,B,zoning,area_neighborhood_commercial_ha,近隣商業,yes
H810404,H810404_商業地域面積,ｈａ,0000020208,H,basic,x,B,zoning,area_commercial_ha,商業地域面積,yes
H810406,H810406_工業地域面積,ｈａ,0000020208,H,basic,x,B,zoning,area_industrial_ha,工業地域,yes
H810407,H810407_工業専用地域面積,ｈａ,0000020208,H,basic,x,B,zoning,area_exclusive_industrial_ha,工業専用,yes
#K06101,#K06101_刑法犯認知件数（人口千人当たり）,件,0000020311,K,indicator,y,Y,crime,y_crime_rate,主。刑法犯認知／千人,yes
K4201,K4201_刑法犯認知件数,件,0000020211,K,basic,y,Y,crime,y_crime_count,副。件数,yes
#K04101,#K04101_交通事故発生件数（人口10万人当たり）,件,0000020311,K,indicator,y,Y,traffic,y_traffic_rate,準。交通事故／10万人,yes
K3101,K3101_交通事故発生件数,件,0000020211,K,basic,y,Y,traffic,y_traffic_count,交通事故件数,yes
